﻿{"cameraMode":{"drawMode":0,"name":"Shaded","section":"Shading Mode"},"sceneLighting":true,"audioPlay":false,"sceneViewState":{"showFog":true,"showMaterialUpdate":false,"showSkybox":false,"showFlares":true,"showImageEffects":true,"showParticleSystems":true},"in2DMode":false,"pivot":{"x":-20.03480339050293,"y":46.36397933959961,"z":53.48002243041992},"rotation":{"x":-0.1201484426856041,"y":-0.8741230964660645,"z":0.2750129699707031,"w":-0.38189151883125307},"size":105.66397094726563,"orthographic":false}